order_item_id,order_id,product_id,quantity,unit_price
1,1,56,3,368.43
2,1,56,3,487.81
3,1,9,3,259.92
4,2,21,2,235.9
5,3,29,2,74.73
6,3,4,3,472.97
7,3,56,5,211.98
8,4,53,3,467.21
9,4,47,-3,98.97
10,5,32,5,236.07
11,5,57,3,251.2
12,6,26,5,231.33
13,7,14,5,179.68
14,7,4,3,249.97
15,8,19,5,9.05
16,8,7,4,71.3
17,8,17,3,383.11
18,8,24,1,203.29
19,9,24,5,147.86
20,9,25,5,227.93
21,10,53,5,341.8
22,10,8,2,487.67
23,10,26,3,398.47
24,11,36,3,378.71
25,11,13,5,257.02
26,11,33,1,27.43
27,12,46,3,402.96
28,12,34,4,78.73
29,13,21,5,162.67
30,13,26,5,370.96
31,14,38,3,256.12
32,14,33,5,247.47
33,14,37,3,240.07
34,15,24,3,338.53
35,16,38,3,399.39
36,16,47,1,300.47
37,16,17,5,290.93
38,16,47,1,293.84
39,17,34,5,388.43
40,17,25,2,411.72
41,18,3,5,474.36
42,18,8,2,14.37
43,19,27,2,209.42
44,19,14,4,253.4
45,19,40,4,437.04
46,20,46,2,261.75
47,21,43,4,265.11
48,21,21,2,232.53
49,21,35,3,275.41
50,22,40,4,100.17
51,22,16,3,281.25
52,22,15,3,386.73
53,23,45,4,161.94
54,23,23,5,467.18
55,24,19,1,288.87
56,24,35,4,448.4
57,24,26,3,477.53
58,25,19,1,147.38
59,25,46,1,176.45
60,26,42,3,374.93
61,26,14,2,414.84
62,26,18,5,349.6
63,26,9,1,309.76
64,27,16,1,336.57
65,27,34,2,320.78
66,28,7,4,168.5
67,29,7,2,7.56
68,29,36,2,206.42
69,29,60,4,241.34
70,29,13,3,163.98
71,30,59,1,327.89
72,31,35,1,457.05
73,31,12,4,441.71
74,32,60,1,498.6
75,32,26,4,97.22
76,33,57,1,9.59
77,33,37,5,58.11
78,33,22,3,229.9
79,34,57,2,426.27
80,34,30,3,100.44
81,34,8,3,85.43
82,34,30,3,360.71
83,35,48,3,396.43
84,36,12,5,428.79
85,36,58,4,414.36
86,37,6,4,336.28
87,37,12,2,241.34
88,37,60,2,8.38
89,38,16,4,378.11
90,38,22,3,293.32
91,38,37,1,134.47
92,38,24,2,35.75
93,39,30,3,84.06
94,40,45,1,321.16
95,88982,19,3,309.24
96,40,15,2,241.7
97,41,48,5,189.94
98,41,45,5,456.83
99,41,49,5,401.99
100,41,53,2,382.12
101,42,34,4,266.45
102,43,5,5,60.54
103,43,54,5,451.93
104,43,13,5,270.65
105,44,21,5,223.71
106,44,44,2,359.87
107,45,6,5,225.51
108,45,4,4,70.31
109,45,27,4,284.14
110,45,36,4,338.02
111,46,47,1,200.99
112,46,53,1,374.17
113,46,38,1,27.42
114,47,45,1,272.88
115,47,4,1,493.14
116,47,31,1,147.11
117,48,50,2,384.08
118,48,47,4,190.36
119,49,29,4,190.94
120,49,44,5,70.83
121,49,56,3,63.72
122,49,35,4,266.78
123,50,54,1,379.31
124,50,20,4,338.38
125,51,35,4,412.56
126,51,16,4,176.35
127,51,18,2,469.02
128,51,47,1,20.95
129,52,40,1,124.13
130,52,5,1,299.0
131,52,29,5,337.65
132,52,56,1,126.14
133,53,26,4,121.0
134,54,49,1,74.37
135,54,19,2,408.81
136,55,37,5,387.41
137,55,53,3,122.27
138,55,57,2,492.92
139,56,27,3,141.2
140,56,36,5,440.46
141,57,41,4,280.15
142,57,4,3,471.09
143,58,51,5,162.77
144,58,27,4,78.86
145,58,25,2,378.44
146,58,31,2,425.42
147,59,55,2,403.86
148,59,59,1,283.38
149,59,27,5,267.35
150,60,16,3,105.65
151,60,42,1,461.5
152,60,55,3,50.77
153,60,47,2,30.51
154,61,44,5,303.45
155,61,56,1,98.14
156,61,49,5,363.53
157,61,36,2,242.3
158,62,20,1,109.84
159,62,13,1,374.71
160,62,49,4,457.65
161,63,26,2,278.28
162,63,50,3,193.43
163,64,20,3,183.02
164,64,57,4,235.67
165,64,52,4,382.01
166,65,59,2,188.5
167,65,27,1,283.45
168,65,15,2,13.03
169,66,19,2,102.11
170,66,15,4,287.05
171,66,16,4,277.57
172,66,44,3,132.38
173,67,47,4,233.11
174,67,47,3,88.79
175,67,47,5,246.72
176,67,59,5,495.21
177,68,34,1,420.34
178,69,53,1,383.35
179,70,9,2,38.64
180,70,10,1,113.27
181,70,30,3,34.92
182,70,41,5,456.81
183,71,2,1,268.45
184,71,27,1,13.28
185,71,47,3,270.19
186,71,19,1,253.6
187,72,52,2,57.97
188,72,7,5,78.7
189,72,13,5,265.6
190,72,53,3,137.33
191,73,6,3,479.85
192,73,30,5,125.39
193,73,45,2,153.49
194,73,53,1,328.6
195,74,6,4,192.74
196,75,4,1,352.91
197,75,6,4,423.44
198,75,42,3,285.1
199,75,55,1,447.92
200,76,15,2,451.13
201,77,18,1,462.46
202,77,44,3,450.16
203,77,37,1,93.78
204,77,55,3,12.75
205,78,38,2,377.37
206,78,46,4,464.79
207,79,11,5,124.03
208,79,54,4,340.13
209,79,35,3,195.0
210,80,51,1,252.89
211,80,23,1,53.35
212,81,54,1,173.59
213,81,50,-5,477.65
214,82,50,3,19.66
215,82,18,4,247.85
216,82,23,5,470.87
217,82,28,2,341.45
218,83,6,5,151.21
219,83,16,1,45.61
220,83,10,4,357.28
221,83,41,2,371.13
222,84,24,1,50.3
223,84,20,4,183.16
224,84,18,1,70.59
225,85,28,4,280.71
226,85,33,4,56.13
227,86,23,5,51.07
228,87,56,4,11.11
229,87,27,4,390.69
230,87,47,5,453.08
231,88,37,5,88.94
232,88,25,2,73.73
233,89,18,4,77.24
234,89,11,4,141.6
235,89,20,4,392.42
236,90,17,2,361.85
237,90,32,5,310.25
238,90,30,1,72.07
239,91,26,3,421.6
240,92,52,3,222.91
241,92,28,5,72.38
242,92,21,5,473.9
243,92,13,4,160.52
244,93,21,3,368.76
245,93,41,4,484.04
246,93,51,2,166.31
247,93,18,4,185.68
248,94,38,5,94.06
249,94,50,5,18.32
250,95,46,2,222.04
251,95,19,1,410.39
252,95,51,4,338.12
253,95,9,3,124.8
254,96,46,4,395.59
255,96,5,4,495.4
256,97,38,4,269.51
257,97,60,4,274.1
258,97,51,3,352.31
259,97,52,5,298.94
260,98,7,2,330.51
261,99,11,5,26.93
262,99,42,4,483.57
263,99,22,4,57.44
264,100,17,2,257.78
265,101,29,3,198.61
266,101,50,5,346.77
267,89154,23,1,243.97
268,89155,19,4,460.67
269,103,8,2,177.42
270,104,30,2,262.95
271,104,23,4,53.32
272,104,47,4,162.86
273,105,3,1,16.18
274,105,22,1,340.18
275,105,11,2,260.42
276,106,22,5,216.05
277,106,30,2,399.89
278,107,12,4,200.81
279,107,48,5,442.13
280,108,38,4,197.47
281,108,46,2,106.86
282,108,49,1,290.79
283,108,52,5,97.55
284,109,13,4,61.41
285,109,43,4,266.22
286,109,41,3,300.5
287,110,38,1,177.22
288,110,55,4,310.59
289,110,53,3,459.75
290,110,38,1,337.69
291,111,8,2,156.16
292,111,12,3,348.25
293,111,33,4,212.03
294,112,37,4,214.4
295,112,32,5,348.25
296,113,36,2,247.37
297,113,9,2,160.72
298,114,40,1,433.43
299,114,1,4,72.58
300,114,53,4,482.1
301,114,33,4,207.52
302,115,27,4,246.91
303,115,6,5,20.28
304,115,49,2,149.58
305,115,18,2,271.12
306,116,50,4,285.0
307,116,50,4,277.11
308,117,37,1,137.61
309,118,35,1,381.2
310,118,29,5,113.18
311,118,28,1,369.31
312,119,20,1,227.62
313,119,23,1,222.34
314,120,50,2,108.89
315,121,56,5,318.22
316,121,11,5,73.92
317,121,14,2,403.69
318,122,35,3,300.44
319,122,11,3,489.61
320,122,19,3,288.5
321,123,9,4,459.79
322,124,56,2,352.21
323,124,9,2,77.39
324,124,21,2,381.93
325,125,32,2,290.83
326,125,18,4,190.71
327,125,5,1,204.41
328,125,48,3,348.88
329,126,30,4,167.01
330,126,1,1,366.81
331,126,30,3,425.8
332,127,14,4,413.3
333,127,32,3,164.82
334,127,19,3,275.92
335,127,9,5,426.95
336,128,58,1,27.74
337,128,41,4,13.06
338,128,60,2,223.44
339,129,28,2,497.87
340,130,57,3,83.69
341,130,60,3,51.2
342,131,17,1,189.06
343,131,58,2,30.63
344,131,41,3,364.36
345,132,28,1,353.33
346,132,1,2,241.02
347,133,38,2,262.12
348,133,29,1,8.99
349,134,53,1,494.14
350,134,28,2,241.46
351,134,15,4,49.22
352,135,7,3,186.94
353,136,9,4,387.86
354,136,49,2,322.58
355,136,44,2,38.86
356,137,40,2,222.85
357,138,41,2,460.35
358,138,40,4,430.68
359,139,58,1,74.31
360,140,38,4,179.01
361,141,21,2,127.65
362,141,42,1,127.84
363,141,39,5,361.98
364,141,19,1,424.71
365,142,14,5,305.43
366,142,13,4,151.29
367,142,4,2,249.97
368,143,16,4,320.85
369,144,34,1,493.51
370,145,9,4,431.1
371,145,37,4,185.88
372,145,44,2,382.55
373,146,2,5,38.43
374,147,14,1,461.68
375,147,51,4,255.77
376,147,41,5,384.72
377,148,45,4,45.8
378,148,35,5,309.94
379,148,18,1,158.4
380,148,33,2,487.29
381,149,35,3,198.41
382,149,41,1,158.53
383,150,47,2,33.66
384,150,6,4,62.41
385,150,40,5,32.24
386,150,43,2,64.12
387,151,45,1,86.1
388,151,23,5,261.03
389,152,11,3,67.83
390,152,50,3,367.8
391,152,8,1,170.83
392,153,18,5,36.62
393,153,46,5,315.63
394,153,32,4,257.84
395,153,4,4,430.38
396,154,24,2,131.28
397,154,7,5,338.69
398,155,15,5,6.27
399,156,16,1,238.52
400,157,59,2,93.59
401,157,55,1,278.67
402,157,59,4,116.14
403,157,16,4,458.35
404,158,18,1,287.91
405,158,8,5,338.3
406,158,4,2,115.48
407,159,26,1,439.11
408,160,50,3,167.01
409,160,36,4,8.94
410,160,13,3,284.08
411,161,48,5,125.08
412,161,24,5,486.07
413,161,50,2,367.57
414,162,10,1,466.54
415,162,2,2,273.06
416,163,22,1,380.67
417,164,55,3,56.45
418,164,34,2,212.81
419,164,4,2,357.27
420,164,6,1,461.03
421,165,45,3,231.94
422,165,48,1,292.48
423,165,33,2,320.42
424,165,26,1,297.99
425,166,28,2,122.2
426,167,55,3,463.39
427,167,26,3,162.44
428,167,18,2,41.97
429,168,9,5,58.94
430,168,7,2,227.54
431,169,27,1,270.28
432,169,50,2,228.7
433,169,30,3,426.98
434,170,11,3,414.06
435,171,14,3,78.42
436,172,23,4,259.16
437,172,44,3,133.78
438,173,2,4,428.03
439,173,36,5,128.68
440,174,7,2,65.12
441,174,4,2,69.7
442,174,53,4,189.26
443,174,41,1,293.25
444,175,59,1,15.79
445,175,5,2,451.74
446,175,29,2,50.53
447,176,8,1,471.43
448,176,4,2,462.45
449,176,28,4,250.58
450,177,44,4,90.54
451,177,14,2,141.12
452,177,29,2,22.15
453,177,40,5,126.66
454,178,32,4,441.98
455,178,31,1,48.42
456,178,25,2,212.52
457,179,41,5,398.45
458,179,25,3,242.44
459,180,23,5,253.68
460,180,25,3,94.01
461,180,21,5,113.41
462,180,58,3,34.0
463,181,34,3,384.59
464,181,15,2,54.57
465,181,43,2,136.93
466,181,53,1,383.2
467,182,37,4,180.63
468,182,54,2,92.17
469,183,52,3,457.42
470,183,2,3,474.04
471,183,37,2,283.74
472,184,54,4,273.35
473,184,12,4,23.79
474,185,15,5,113.31
475,186,1,3,459.36
476,186,13,2,173.68
477,186,12,3,34.48
478,186,10,5,353.82
479,187,50,1,424.01
480,187,56,3,480.48
481,188,46,4,295.08
482,188,22,3,164.69
483,188,11,4,396.96
484,189,42,3,91.23
485,189,36,5,394.56
486,189,15,5,408.15
487,189,25,3,368.33
488,190,9,2,365.77
489,190,45,5,198.84
490,190,50,5,21.03
491,191,59,5,114.34
492,191,37,1,468.66
493,191,10,3,373.94
494,192,23,3,88.1
495,192,57,1,411.72
496,193,29,1,136.28
497,193,16,1,178.49
498,193,51,1,361.6
499,194,25,4,
500,195,57,4,249.08
501,195,25,3,275.28
502,196,54,4,395.42
503,197,11,4,41.49
504,197,55,1,150.98
505,198,17,1,41.73
506,198,11,4,84.65
507,198,5,5,471.21
508,199,22,5,492.71
509,200,46,1,218.51
510,200,42,2,305.62
511,200,28,2,31.51
512,200,22,2,487.33
513,201,45,5,362.41
514,201,47,5,136.31
515,201,19,3,122.59
516,201,4,4,288.03
517,202,10,1,183.61
518,202,28,1,150.8
519,202,43,5,242.76
520,202,7,1,107.44
521,203,6,4,422.67
522,89409,20,4,238.12
523,203,58,3,50.11
524,204,12,3,443.32
525,204,24,2,225.66
526,89413,17,4,235.2
527,204,15,3,284.3
528,205,49,1,47.43
529,205,23,5,209.92
530,206,36,1,421.19
531,206,53,5,212.22
532,207,37,2,240.75
533,207,6,4,451.87
534,207,46,1,253.54
535,207,58,5,401.22
536,208,8,4,90.58
537,208,11,2,405.19
538,209,3,4,43.79
539,209,44,4,104.95
540,210,54,5,132.65
541,210,59,1,48.08
542,211,36,3,429.03
543,211,34,4,459.0
544,211,1,5,295.85
545,211,51,4,60.7
546,212,10,5,296.03
547,212,49,1,462.84
548,213,51,3,434.4
549,214,57,4,135.75
550,214,42,4,288.15
551,214,31,1,90.24
552,215,10,5,306.28
553,215,45,4,24.2
554,215,57,3,346.8
555,215,4,4,460.81
556,216,2,3,409.61
557,216,20,3,143.77
558,216,32,1,486.39
559,217,9,3,487.24
560,217,29,3,138.36
561,218,39,1,98.03
562,218,14,4,371.77
563,218,49,5,434.26
564,218,53,1,260.06
565,219,5,3,356.24
566,219,26,2,391.36
567,220,12,2,438.21
568,221,54,1,128.5
569,221,30,1,459.43
570,222,18,3,412.64
571,222,33,4,319.53
572,223,44,1,124.76
573,224,39,4,92.9
574,224,56,4,295.51
575,224,23,3,85.94
576,224,58,3,375.74
577,225,19,1,196.35
578,226,55,5,391.02
579,226,14,2,325.45
580,227,18,4,259.07
581,227,56,1,239.68
582,228,42,2,302.57
583,228,1,2,129.93
584,229,46,3,214.78
585,229,25,3,232.2
586,229,14,4,154.56
587,230,38,1,8.64
588,230,43,3,282.92
589,230,39,5,144.93
590,230,44,1,243.46
591,231,18,3,431.44
592,231,17,3,98.24
593,231,34,2,450.35
594,232,43,3,341.97
595,232,47,1,329.42
596,232,19,3,453.92
597,232,26,4,369.68
598,233,22,2,344.73
599,233,41,4,453.73
600,234,33,3,423.48
601,234,54,5,94.66
602,234,7,4,68.33
603,235,47,5,382.64
604,235,12,3,328.95
605,235,15,3,115.55
606,236,27,3,188.98
607,236,38,3,234.56
608,236,8,4,31.57
609,237,31,2,252.74
610,238,34,3,209.49
611,238,56,2,73.0
612,238,13,3,207.55
613,238,37,4,75.9
614,239,50,1,246.35
615,239,41,2,160.14
616,240,1,4,140.4
617,241,37,2,247.34
618,241,49,1,69.06
619,242,41,4,204.68
620,242,31,4,7.31
621,242,35,2,366.68
622,242,1,3,379.64
623,243,2,1,315.21
624,243,16,2,348.29
625,244,20,2,55.84
626,244,33,5,156.53
627,244,5,1,152.61
628,245,30,5,300.2
629,245,22,4,444.55
630,245,9,3,498.09
631,246,23,2,86.62
632,246,59,4,14.47
633,246,15,2,109.54
634,246,2,5,254.79
635,247,24,1,190.72
636,248,50,5,313.45
637,248,39,1,332.68
638,248,42,1,28.88
639,249,27,4,193.23
640,250,31,2,106.72
641,250,44,1,154.05
642,250,43,1,332.93
643,251,40,5,351.86
644,251,27,1,258.23
645,251,40,1,144.94
646,252,32,2,306.46
647,253,54,5,486.69
648,253,23,4,151.2
649,253,3,5,250.7
650,254,45,4,168.65
651,254,1,1,337.46
652,255,54,5,336.17
653,256,6,5,42.15
654,256,47,1,452.87
655,257,30,3,135.74
656,257,4,1,407.52
657,258,55,3,183.31
658,259,28,1,52.02
659,259,49,1,9.79
660,259,9,2,167.69
661,260,40,3,439.85
662,260,6,3,408.41
663,260,12,1,203.38
664,260,30,3,418.68
665,261,52,4,326.18
666,261,52,2,60.96
667,261,45,1,490.88
668,261,55,2,56.34
669,262,52,5,340.8
670,262,12,5,192.98
671,262,23,5,19.26
672,262,44,2,244.12
673,263,8,4,223.14
674,263,5,3,329.21
675,263,1,5,384.93
676,263,37,5,115.87
677,264,34,5,345.68
678,264,40,1,219.26
679,264,47,2,243.56
680,265,10,5,446.57
681,265,40,1,10.76
682,265,60,2,255.26
683,265,31,4,435.36
684,266,49,4,163.71
685,267,18,1,255.93
686,267,36,4,204.62
687,267,16,1,232.25
688,268,6,4,226.3
689,268,8,4,373.89
690,268,2,1,204.7
691,268,3,5,276.8
692,269,51,5,481.77
693,270,57,5,283.35
694,270,42,4,475.43
695,270,24,1,409.21
696,271,22,5,384.87
697,271,39,4,359.75
698,271,24,4,61.44
699,271,49,2,6.09
700,272,54,3,276.11
701,272,24,1,27.66
702,272,11,4,74.52
703,273,7,3,307.37
704,273,13,1,465.46
705,273,26,2,231.24
706,273,51,2,359.81
707,274,49,4,28.02
708,275,50,4,231.41
709,276,32,1,267.53
710,276,4,5,467.98
711,277,60,5,391.64
712,277,59,2,347.45
713,277,12,2,56.26
714,277,43,5,305.05
715,278,33,4,212.24
716,278,39,2,140.43
717,278,22,3,229.16
718,279,9,4,303.25
719,279,57,5,152.96
720,280,46,5,318.13
721,280,13,2,313.96
722,280,19,3,460.99
723,281,46,2,254.43
724,281,45,3,356.62
725,282,36,4,293.49
726,282,43,4,338.75
727,282,58,5,146.53
728,283,52,1,263.75
729,283,2,4,76.94
730,283,43,1,103.95
731,283,49,2,491.85
732,284,10,1,346.84
733,284,19,2,378.03
734,284,3,3,407.94
735,285,40,5,433.1
736,286,16,5,393.23
737,286,52,3,348.0
738,286,4,4,196.84
739,286,51,3,483.09
740,287,1,3,105.53
741,288,54,2,456.19
742,288,46,3,378.78
743,288,35,5,102.25
744,288,47,2,150.62
745,289,44,1,97.55
746,289,12,5,64.08
747,290,28,3,280.52
748,291,11,5,423.78
749,291,1,3,235.83
750,292,3,2,464.67
751,292,39,1,387.96
752,293,32,5,277.33
753,293,5,3,265.07
754,293,12,5,38.75
755,294,27,5,270.83
756,294,6,3,114.49
757,295,43,3,168.88
758,295,19,2,475.4
759,296,36,1,61.79
760,296,23,4,123.97
761,296,42,5,459.71
762,296,16,1,342.86
763,297,25,1,196.01
764,297,35,3,17.23
765,297,34,3,259.58
766,298,32,1,151.73
767,298,42,2,163.55
768,298,6,1,87.86
769,298,50,5,268.94
770,299,14,2,433.15
771,300,54,1,106.76
772,300,54,4,325.05
773,300,5,2,16.76
774,300,46,3,23.75
775,301,4,2,398.14
776,302,37,2,455.94
777,303,25,4,316.96
778,303,28,3,13.36
779,303,44,1,269.74
780,303,42,5,36.3
781,304,45,1,182.06
782,305,19,3,305.25
783,306,49,4,193.8
784,306,53,1,239.62
785,306,35,2,72.51
786,89673,51,5,151.01
787,307,41,2,152.54
788,307,57,3,478.91
789,307,1,5,438.01
790,308,8,1,7.49
791,308,39,4,270.89
792,309,20,2,375.41
793,310,14,4,453.29
794,310,55,5,75.52
795,310,12,2,310.36
796,311,13,1,94.77
797,311,52,5,426.86
798,311,55,5,233.33
799,312,19,1,129.09
800,313,47,5,246.16
801,313,22,3,68.47
802,314,7,3,311.66
803,314,58,2,162.3
804,315,22,5,331.41
805,315,45,5,80.44
806,315,37,3,404.81
807,315,28,2,7.39
808,316,51,2,357.54
809,316,42,4,141.96
810,317,9,3,439.55
811,317,30,4,182.58
812,317,20,4,278.08
813,318,42,5,45.58
814,318,18,2,446.19
815,319,17,1,365.08
816,319,58,1,425.55
817,320,53,5,291.56
818,321,59,1,278.04
819,321,35,5,238.69
820,322,24,4,115.54
821,322,50,5,367.95
822,323,9,4,253.06
823,323,6,4,185.11
824,323,1,2,424.75
825,324,49,5,74.48
826,324,11,2,285.35
827,325,48,4,469.89
828,325,3,2,381.93
829,326,5,3,187.87
830,326,3,2,261.35
831,327,25,4,459.36
832,327,57,1,24.75
833,327,42,3,56.1
834,328,54,3,291.42
835,328,37,2,191.45
836,328,25,3,295.9
837,329,34,3,191.28
838,330,34,4,179.68
839,330,56,3,246.0
840,331,57,5,8.27
841,331,57,2,222.75
842,331,15,1,259.7
843,331,18,2,79.37
844,332,24,5,360.06
845,332,8,2,210.23
846,333,47,1,243.35
847,333,31,4,109.3
848,333,11,4,16.11
849,334,9,5,298.21
850,335,41,5,24.4
851,335,37,2,32.68
852,336,60,2,260.74
853,336,26,5,484.78
854,336,41,1,439.86
855,337,6,2,227.36
856,337,31,4,89.43
857,337,54,4,302.42
858,338,40,5,135.94
859,338,47,3,461.56
860,339,15,4,195.8
861,340,2,2,263.74
862,341,53,2,304.73
863,341,12,4,451.3
864,341,39,1,439.49
865,341,35,5,377.43
866,342,31,2,451.48
867,343,58,4,263.41
868,344,56,1,350.33
869,344,28,2,469.52
870,344,31,4,178.51
871,345,28,2,130.99
872,346,59,1,145.22
873,346,57,5,207.28
874,347,1,1,291.1
875,347,8,5,8.56
876,348,45,3,207.38
877,348,7,2,215.91
878,349,17,5,214.66
879,349,24,5,141.4
880,349,44,4,378.71
881,350,36,5,243.82
882,350,24,5,279.68
883,350,17,3,290.94
884,350,50,4,369.21
885,351,48,2,226.06
886,352,7,2,256.63
887,352,51,3,401.42
888,353,11,4,482.46
889,354,52,1,412.51
890,355,60,5,220.51
891,355,5,3,114.78
892,355,6,5,23.69
893,355,25,4,308.91
894,356,46,5,33.44
895,356,50,2,321.94
896,356,29,1,104.85
897,357,13,1,393.06
898,357,33,5,350.73
899,357,40,2,338.64
900,358,16,1,487.94
901,358,6,3,390.94
902,358,23,4,205.7
903,359,34,1,369.78
904,359,5,1,277.05
905,360,23,3,117.02
906,360,13,4,465.21
907,360,37,1,134.25
908,361,33,1,281.52
909,361,33,3,173.28
910,361,8,5,478.57
911,361,57,5,407.51
912,362,45,4,483.2
913,362,37,4,386.13
914,362,49,3,480.81
915,363,44,4,448.78
916,363,56,1,243.58
917,363,17,1,194.42
918,363,51,2,340.07
919,364,52,3,209.15
920,364,23,5,270.15
921,365,16,3,51.04
922,365,44,3,42.63
923,365,60,2,240.89
924,366,14,5,138.19
925,366,48,2,252.0
926,366,13,2,369.04
927,367,14,2,105.37
928,367,16,5,181.23
929,367,50,1,64.34
930,368,44,4,308.84
931,369,55,4,188.74
932,370,32,5,435.04
933,370,32,2,492.28
934,89821,59,5,143.73
935,371,49,5,68.48
936,371,34,4,241.77
937,372,33,3,199.89
938,373,30,1,350.63
939,373,30,3,346.16
940,374,44,2,192.82
941,375,21,3,308.33
942,376,12,5,135.11
943,376,18,4,479.47
944,376,22,3,96.04
945,377,14,4,351.85
946,377,24,3,427.89
947,377,18,4,94.05
948,377,9,5,344.58
949,378,47,3,403.02
950,379,55,4,102.05
951,379,52,2,239.13
952,379,1,2,213.65
953,379,9,5,269.32
954,380,51,4,153.52
955,380,36,5,28.62
956,380,7,2,34.72
957,381,31,1,227.68
958,381,22,3,183.68
959,381,36,5,466.26
960,382,23,1,208.82
961,382,23,5,103.48
962,382,37,5,91.4
963,383,23,3,338.23
964,383,32,4,445.37
965,383,25,5,146.83
966,384,56,2,322.09
967,384,60,3,213.8
968,385,55,1,44.16
969,385,22,2,160.17
970,385,42,3,356.66
971,385,39,4,139.27
972,386,50,3,375.21
973,386,34,4,209.92
974,386,12,1,66.89
975,386,16,3,470.52
976,387,14,2,201.54
977,388,5,4,276.47
978,389,50,4,264.37
979,390,7,3,310.96
980,391,42,4,158.14
981,392,48,3,224.36
982,392,9,2,265.74
983,393,2,1,333.46
984,393,56,3,432.8
985,394,56,5,467.75
986,394,36,4,71.88
987,394,45,5,92.63
988,394,39,4,317.37
989,395,34,5,158.28
990,395,23,4,272.14
991,395,52,1,223.72
992,395,24,4,133.6
993,396,1,1,264.04
994,396,49,2,175.22
995,396,31,5,9.12
996,397,49,4,153.31
997,397,50,4,399.99
998,397,39,2,399.4
999,397,36,3,98.34
1000,398,26,2,85.82
1001,398,48,4,415.07
1002,398,15,3,44.21
1003,398,41,2,260.72
1004,399,19,5,405.36
1005,399,27,2,427.47
1006,399,12,2,148.35
1007,400,40,4,139.71
1008,400,40,4,97.96
1009,400,2,2,29.57
1010,400,35,1,97.04
1011,401,19,3,66.89
1012,402,47,1,120.24
1013,402,10,1,249.32
1014,402,22,4,159.23
1015,402,52,4,498.99
1016,403,45,1,168.47
1017,403,54,2,32.74
1018,403,50,4,40.34
1019,403,31,2,100.14
1020,404,53,4,414.98
1021,404,8,2,195.47
1022,404,29,2,370.12
1023,405,13,4,368.98
1024,406,34,2,239.05
1025,407,60,3,83.51
1026,407,47,1,373.64
1027,407,36,5,65.46
1028,408,41,3,103.37
1029,408,57,1,432.51
1030,408,14,1,121.8
1031,408,28,3,12.46
1032,409,38,1,200.93
1033,409,16,1,484.57
1034,409,38,4,345.76
1035,410,24,1,128.12
1036,89923,32,1,344.54
1037,411,60,1,34.59
1038,411,42,2,352.16
1039,411,51,1,67.28
1040,412,21,5,395.34
1041,412,49,3,403.74
1042,413,47,2,15.57
1043,413,25,3,363.58
1044,413,17,1,245.22
1045,413,29,5,150.88
1046,414,13,5,97.38
1047,414,23,3,367.54
1048,414,18,5,457.66
1049,414,36,2,39.09
1050,415,29,3,410.61
1051,415,35,3,229.77
1052,416,47,2,442.05
1053,416,40,3,389.13
1054,416,16,3,361.9
1055,416,43,5,410.43
1056,417,34,4,384.04
1057,417,10,5,145.15
1058,418,42,3,59.68
1059,418,34,1,26.67
1060,418,9,2,437.38
1061,418,13,1,245.26
1062,419,3,5,322.67
1063,420,43,4,265.28
1064,89951,45,5,131.69
1065,420,24,2,304.95
1066,420,5,1,465.45
1067,421,42,4,464.56
1068,421,54,1,236.69
1069,422,24,5,373.02
1070,423,53,3,398.15
1071,423,4,5,136.58
1072,423,3,1,418.06
1073,423,5,2,480.49
1074,424,7,2,268.17
1075,425,13,5,330.15
1076,425,37,2,281.42
1077,426,48,1,384.31
1078,426,37,3,338.87
1079,426,45,4,442.0
1080,426,11,2,277.23
1081,427,43,2,269.28
1082,427,39,4,467.09
1083,427,58,3,277.29
1084,428,55,3,209.11
1085,428,41,4,413.95
1086,428,21,5,124.16
1087,429,25,5,463.44
1088,429,17,3,481.02
1089,430,26,1,364.53
1090,430,19,5,13.07
1091,430,9,3,8.25
1092,430,15,2,428.58
1093,431,50,3,459.96
1094,432,7,1,232.88
1095,432,10,2,136.17
1096,433,15,3,406.48
1097,433,6,5,202.9
1098,434,47,1,363.17
1099,434,51,4,90.59
1100,435,39,3,23.5
1101,436,6,1,461.33
1102,436,22,3,440.5
1103,436,28,4,465.47
1104,436,8,2,375.1
1105,437,41,4,31.79
1106,438,21,5,284.63
1107,439,33,2,80.83
1108,439,44,4,485.66
1109,439,49,5,289.75
1110,440,15,4,148.44
1111,441,10,2,171.4
1112,441,31,5,373.93
1113,441,36,4,134.97
1114,441,26,5,220.07
1115,442,49,2,243.06
1116,442,13,4,200.68
1117,443,36,5,498.55
1118,443,34,2,124.95
1119,444,50,4,165.09
1120,444,60,5,49.35
1121,444,43,4,214.65
1122,445,13,3,175.54
1123,445,42,1,
1124,90011,11,3,310.03
1125,446,40,2,223.03
1126,446,60,2,103.84
1127,446,24,2,380.08
1128,446,55,1,60.62
1129,447,16,5,463.73
1130,448,1,3,348.43
1131,448,8,3,227.78
1132,448,2,3,108.46
1133,449,14,5,264.02
1134,449,17,5,244.1
1135,450,45,1,191.42
1136,450,58,5,26.52
1137,451,4,3,104.34
1138,451,45,5,139.28
1139,452,42,1,37.97
1140,452,43,3,333.18
1141,452,59,3,432.82
1142,452,2,3,434.37
1143,453,15,4,256.73
1144,453,46,1,452.42
1145,453,32,5,268.12
1146,453,12,2,252.82
1147,454,36,1,24.68
1148,454,60,5,155.94
1149,454,32,4,373.47
1150,454,2,3,343.73
1151,455,41,3,121.92
1152,455,33,3,406.89
1153,455,41,3,439.95
1154,456,36,3,116.66
1155,457,58,4,330.18
1156,457,6,4,262.76
1157,457,44,5,436.99
1158,458,27,2,288.58
1159,458,28,3,455.32
1160,459,29,5,70.23
1161,459,42,2,292.61
1162,459,44,2,431.98
1163,460,45,5,455.23
1164,460,28,2,329.83
1165,460,37,2,162.16
1166,461,12,3,420.56
1167,462,47,1,383.89
1168,462,57,4,480.79
1169,463,29,3,80.22
1170,463,13,1,70.12
1171,463,2,5,310.39
1172,464,39,2,119.3
1173,464,2,3,44.34
1174,465,9,5,423.84
1175,465,31,3,96.07
1176,465,25,4,239.55
1177,465,11,2,117.01
1178,466,49,1,463.09
1179,466,27,2,372.47
1180,466,13,2,37.74
1181,466,60,4,434.23
1182,467,45,3,434.05
1183,467,57,2,216.64
1184,467,50,1,305.93
1185,467,53,4,361.5
1186,468,40,5,298.93
1187,468,34,1,262.72
1188,468,29,4,414.37
1189,468,3,2,261.76
1190,469,48,1,281.06
1191,469,34,1,98.98
1192,469,29,4,442.78
1193,469,50,3,233.37
1194,470,19,5,459.92
1195,470,45,5,452.32
1196,470,30,4,49.77
1197,470,33,1,93.99
1198,471,26,4,165.11
1199,471,2,2,229.57
1200,472,57,4,49.64
1201,472,21,2,360.6
1202,473,6,1,354.58
1203,474,6,5,355.1
1204,474,47,5,307.98
1205,474,11,4,277.42
1206,475,50,2,456.57
1207,476,11,2,93.54
1208,476,46,1,212.69
1209,477,47,4,147.95
1210,477,12,1,449.78
1211,477,13,1,313.17
1212,478,1,4,251.33
1213,478,32,5,404.69
1214,478,39,4,122.75
1215,479,30,4,223.73
1216,479,39,5,8.25
1217,479,57,5,142.67
1218,479,41,5,410.96
1219,480,4,2,78.39
1220,480,42,3,23.18
1221,481,43,5,419.82
1222,482,22,1,29.27
1223,482,27,2,84.86
1224,482,19,5,332.16
1225,483,30,5,183.29
1226,483,3,1,385.41
1227,484,24,4,411.03
1228,484,49,4,422.44
1229,484,5,3,238.05
1230,485,45,3,167.96
1231,486,34,2,349.44
1232,486,40,1,59.1
1233,486,47,5,493.66
1234,486,31,5,467.28
1235,487,28,5,424.66
1236,487,17,5,289.7
1237,487,40,3,463.92
1238,488,34,4,248.79
1239,488,12,5,120.2
1240,488,19,2,5.78
1241,488,2,4,314.6
1242,489,48,2,400.78
1243,490,27,1,170.23
1244,490,36,2,10.59
1245,490,13,3,130.94
1246,490,5,3,153.64
1247,491,50,1,61.35
1248,491,22,3,201.04
1249,491,37,5,480.26
1250,492,13,3,417.74
1251,492,60,4,458.5
1252,493,42,2,243.34
1253,494,58,5,448.48
1254,494,30,4,464.26
1255,494,4,5,153.18
1256,494,47,3,279.81
1257,495,14,5,344.32
1258,496,5,2,143.83
1259,496,2,3,491.89
1260,496,41,5,421.99
1261,497,12,5,62.84
1262,497,51,3,354.11
1263,497,21,1,139.39
1264,497,6,4,439.14
1265,498,29,3,111.99
1266,498,20,2,60.55
1267,498,51,1,390.01
1268,499,29,5,17.34
1269,500,58,5,81.27
1270,500,22,4,367.56
1271,500,34,3,388.89
1272,500,10,1,411.96
1273,501,14,1,232.39
1274,501,46,5,62.34
1275,502,60,1,345.09
1276,502,39,1,169.98
1277,502,57,1,56.04
1278,503,2,5,380.45
1279,503,41,2,163.84
1280,503,13,3,141.94
1281,504,50,4,337.21
1282,504,18,2,82.96
1283,504,8,1,479.36
1284,505,14,5,178.41
1285,506,18,2,471.92
1286,506,52,3,289.17
1287,506,11,1,159.13
1288,507,35,4,30.11
1289,507,2,4,452.13
1290,507,4,1,194.88
1291,508,28,4,93.6
1292,509,40,3,159.66
1293,509,53,2,357.88
1294,509,43,5,43.88
1295,509,60,4,286.06
1296,510,53,4,53.15
1297,511,44,4,237.92
1298,511,15,2,431.24
1299,511,40,3,456.87
1300,512,12,3,395.45
1301,512,57,3,229.38
1302,512,2,1,240.29
1303,512,23,4,233.31
1304,513,19,3,304.2
1305,513,9,5,55.95
1306,514,21,5,326.48
1307,515,35,4,203.4
1308,515,27,2,312.33
1309,515,36,2,487.08
1310,516,5,3,108.08
1311,516,45,5,218.42
1312,516,28,5,394.73
1313,516,35,2,90.68
1314,517,48,5,419.19
1315,518,38,5,234.14
1316,519,53,4,92.21
1317,520,5,5,58.83
1318,520,53,5,386.81
1319,520,25,3,249.68
1320,520,43,1,49.81
1321,521,57,5,452.11
1322,521,41,1,379.75
1323,522,29,5,149.29
1324,522,40,-5,226.34
1325,523,44,3,153.37
1326,523,51,3,459.66
1327,524,46,3,495.19
1328,524,38,1,307.69
1329,524,33,4,424.58
1330,524,55,3,35.89
1331,525,1,5,411.27
1332,526,8,3,433.51
1333,526,16,4,352.6
1334,526,26,3,357.33
1335,527,25,4,274.83
1336,527,43,2,240.06
1337,527,13,5,195.37
1338,527,60,3,420.78
1339,528,19,2,71.47
1340,528,5,1,76.28
1341,529,43,4,487.61
1342,529,9,1,72.92
1343,529,52,4,430.78
1344,529,58,5,465.5
1345,530,30,5,214.94
1346,530,53,4,195.43
1347,531,12,4,304.26
1348,531,37,4,424.17
1349,532,46,5,138.28
1350,532,60,5,290.29
1351,533,3,5,244.22
1352,534,8,5,243.36
1353,534,45,1,75.33
1354,534,47,5,491.87
1355,535,30,5,43.73
1356,535,57,5,48.78
1357,535,31,1,343.62
1358,536,40,1,452.27
1359,536,35,1,237.09
1360,536,33,4,289.11
1361,537,27,3,480.49
1362,537,52,3,148.16
1363,537,3,5,375.97
1364,538,4,4,291.18
1365,538,37,1,329.88
1366,538,19,5,18.51
1367,539,6,2,255.27
1368,539,55,3,129.77
1369,539,40,3,141.23
1370,539,17,1,372.01
1371,540,59,5,370.79
1372,540,43,4,188.03
1373,541,17,2,245.03
1374,541,52,5,431.7
1375,542,6,2,299.79
1376,542,53,2,419.62
1377,542,49,4,386.33
1378,543,43,4,364.37
1379,543,11,2,290.99
1380,544,4,3,378.96
1381,544,8,1,87.96
1382,544,26,4,154.18
1383,545,25,4,239.92
1384,545,10,5,435.79
1385,546,19,4,194.09
1386,547,34,1,53.2
1387,547,35,3,478.31
1388,547,28,5,459.43
1389,548,22,3,137.21
1390,548,7,3,328.9
1391,548,26,4,387.71
1392,549,47,5,386.4
1393,549,34,3,340.47
1394,550,21,5,10.24
1395,550,1,1,10.92
1396,551,34,1,344.32
1397,552,15,3,129.69
1398,552,3,1,311.6
1399,552,4,5,330.02
1400,553,39,1,355.5
1401,553,8,1,428.94
1402,554,25,5,402.58
1403,554,12,1,349.35
1404,555,19,4,331.94
1405,555,5,4,461.73
1406,555,18,4,347.65
1407,556,17,2,391.46
1408,556,18,1,194.49
1409,556,22,1,132.83
1410,557,12,4,39.35
1411,557,60,2,307.1
1412,557,12,4,58.67
1413,558,14,5,323.45
1414,558,59,4,359.12
1415,558,7,1,41.1
1416,558,37,3,389.73
1417,559,58,4,78.68
1418,560,60,1,333.98
1419,561,10,3,452.79
1420,561,37,1,260.11
1421,561,50,4,241.68
1422,562,55,1,272.36
1423,562,1,4,477.31
1424,562,53,4,65.0
1425,562,35,3,170.05
1426,563,26,1,317.97
1427,563,42,1,185.85
1428,563,55,3,44.83
1429,564,49,3,325.66
1430,564,12,5,24.47
1431,564,25,2,152.94
1432,564,25,1,317.16
1433,565,32,1,443.18
1434,565,29,2,74.27
1435,565,13,1,361.27
1436,566,32,4,36.18
1437,566,35,3,252.34
1438,567,2,1,172.95
1439,567,22,1,205.73
1440,567,14,5,231.89
1441,567,44,5,78.73
1442,568,60,1,23.25
1443,568,10,4,328.65
1444,569,59,5,27.67
1445,569,45,2,12.11
1446,569,41,1,452.81
1447,569,53,1,230.81
1448,570,54,5,36.66
1449,570,53,1,61.52
1450,571,5,2,215.97
1451,571,52,4,165.5
1452,572,21,2,383.29
1453,572,38,2,171.07
1454,573,18,2,379.99
1455,574,45,3,278.94
1456,574,29,2,463.21
1457,575,9,1,396.57
1458,576,50,2,12.74
1459,576,32,1,8.14
1460,576,12,1,354.84
1461,576,38,3,211.03
1462,577,45,2,107.05
1463,577,41,3,263.93
1464,577,27,2,469.35
1465,577,40,1,300.15
1466,578,40,1,315.46
1467,578,51,3,177.19
1468,578,1,5,121.64
1469,578,8,5,488.51
1470,579,56,5,256.23
1471,579,30,2,141.83
1472,579,13,1,399.32
1473,580,32,2,84.08
1474,580,60,1,31.74
1475,580,24,3,108.75
1476,580,17,3,310.33
1477,581,3,1,371.51
1478,581,60,5,92.06
1479,581,51,1,245.11
1480,581,8,1,448.06
1481,582,38,5,166.36
1482,582,13,3,118.88
1483,582,8,3,117.75
1484,582,16,4,435.59
1485,583,58,2,41.4
1486,583,38,4,31.9
1487,583,28,2,112.0
1488,583,40,4,93.14
1489,584,9,4,361.31
1490,584,41,3,487.9
1491,584,13,3,67.97
1492,585,18,2,60.0
1493,586,30,4,89.74
1494,586,22,2,443.77
1495,586,39,2,395.83
1496,586,41,5,453.26
1497,587,6,4,429.2
1498,587,32,2,297.83
1499,588,18,1,366.36
1500,588,48,2,127.68
1501,588,28,5,115.09
1502,588,60,5,473.39
1503,589,27,1,24.83
1504,590,47,5,21.64
1505,590,34,4,242.24
1506,590,52,1,228.96
1507,590,16,1,281.45
1508,591,45,4,475.22
1509,592,23,3,123.34
1510,592,6,1,242.49
1511,593,11,4,429.67
1512,593,48,5,17.08
1513,593,30,4,387.06
1514,594,12,3,315.27
1515,594,46,1,430.89
1516,594,5,4,447.25
1517,594,22,5,21.19
1518,595,49,3,350.54
1519,595,40,5,289.74
1520,595,14,1,312.13
1521,595,22,1,259.79
1522,596,57,1,59.93
1523,596,24,4,311.47
1524,596,24,3,91.76
1525,597,36,2,73.51
1526,598,16,5,61.21
1527,598,31,5,436.21
1528,598,45,2,377.82
1529,599,21,3,449.48
1530,599,33,4,142.19
1531,600,24,3,228.94
1532,601,31,5,340.76
1533,602,29,5,187.23
1534,602,44,1,98.24
1535,602,57,4,48.22
1536,603,58,2,147.74
1537,603,5,1,86.56
1538,603,8,2,250.68
1539,603,56,2,262.74
1540,604,19,4,484.94
1541,605,31,3,212.96
1542,605,48,1,149.3
1543,606,2,2,418.3
1544,607,27,5,174.68
1545,607,42,3,245.64
1546,607,43,5,421.74
1547,608,30,3,285.79
1548,608,58,3,90.01
1549,608,17,2,244.7
1550,608,19,1,78.43
1551,609,30,2,311.22
1552,609,11,5,146.2
1553,609,12,2,84.82
1554,610,3,3,289.39
1555,611,17,3,96.33
1556,611,36,1,334.45
1557,611,23,2,189.59
1558,611,35,2,269.15
1559,612,59,1,205.26
1560,613,50,2,474.16
1561,613,60,3,82.25
1562,613,48,5,487.92
1563,613,22,3,239.59
1564,614,49,5,335.11
1565,614,52,5,365.63
1566,614,60,4,172.65
1567,615,47,4,450.59
1568,616,44,5,62.85
1569,616,2,4,310.67
1570,617,29,3,50.78
1571,617,4,5,322.45
1572,618,51,3,101.88
1573,618,6,5,425.48
1574,619,33,4,101.25
1575,620,39,5,258.22
1576,620,4,3,201.79
1577,620,46,4,187.97
1578,621,1,3,175.74
1579,621,20,4,437.78
1580,621,6,2,365.29
1581,622,48,4,402.82
1582,622,19,2,403.81
1583,622,58,4,365.66
1584,622,27,2,418.58
1585,623,10,2,155.1
1586,624,5,5,379.28
1587,624,6,1,207.68
1588,624,59,3,210.18
1589,625,46,5,378.85
1590,625,9,2,97.07
1591,625,25,3,279.16
1592,625,3,3,418.12
1593,626,32,5,371.23
1594,626,15,1,396.65
1595,626,10,3,153.58
1596,627,8,3,211.49
1597,627,32,2,19.08
1598,627,49,3,249.06
1599,627,5,5,374.05
1600,628,37,4,434.83
1601,628,41,4,487.26
1602,628,53,1,189.74
1603,628,47,5,13.68
1604,629,11,5,33.96
1605,629,21,4,439.77
1606,629,9,3,85.84
1607,630,24,4,319.94
1608,630,23,1,148.48
1609,630,34,1,259.36
1610,631,49,1,301.39
1611,631,11,5,164.69
1612,632,53,3,139.37
1613,632,45,3,52.44
1614,632,38,3,412.54
1615,633,9,5,144.3
1616,634,27,3,460.85
1617,634,11,1,112.85
1618,634,33,2,416.63
1619,634,51,5,308.65
1620,635,27,4,458.44
1621,636,53,2,462.09
1622,637,23,3,347.07
1623,637,9,4,445.41
1624,637,39,5,382.98
1625,637,22,2,356.4
1626,638,48,1,115.07
1627,639,45,2,157.18
1628,639,14,2,490.65
1629,640,45,1,43.48
1630,640,50,4,379.88
1631,640,3,2,58.37
1632,640,51,5,298.62
1633,641,8,3,26.42
1634,641,20,1,378.5
1635,641,51,1,460.45
1636,641,14,5,451.08
1637,642,43,3,19.48
1638,642,10,3,474.65
1639,643,23,2,428.29
1640,643,50,5,124.7
1641,643,37,1,54.06
1642,644,34,2,359.33
1643,645,11,5,7.14
1644,645,47,1,462.49
1645,645,59,5,426.39
1646,646,24,5,96.64
1647,646,44,1,94.52
1648,646,23,4,214.93
1649,646,33,2,206.75
1650,647,8,4,59.61
1651,647,9,4,382.33
1652,647,46,3,280.78
1653,648,6,3,249.39
1654,649,19,4,302.19
1655,649,20,4,116.81
1656,649,27,3,492.56
1657,649,28,2,429.1
1658,650,44,3,93.75
1659,650,44,4,337.69
1660,650,26,4,263.72
1661,650,44,1,64.01
1662,651,26,5,488.9
1663,651,48,2,37.03
1664,651,13,3,104.13
1665,651,55,4,65.77
1666,652,47,4,142.87
1667,652,46,5,
1668,652,49,4,181.27
1669,652,43,5,475.32
1670,653,33,3,77.95
1671,653,30,1,65.48
1672,653,32,4,119.26
1673,653,9,1,54.3
1674,654,54,1,251.58
1675,655,12,4,304.27
1676,656,10,3,312.87
1677,656,7,1,332.23
1678,656,34,4,397.4
1679,657,19,4,247.67
1680,657,17,5,175.09
1681,658,49,1,495.4
1682,659,25,4,160.71
1683,660,29,4,22.81
1684,660,12,5,331.41
1685,660,50,3,442.93
1686,660,11,4,218.19
1687,661,46,4,246.29
1688,661,8,5,339.14
1689,661,43,5,344.26
1690,662,31,5,427.9
1691,662,33,1,198.74
1692,662,32,5,485.58
1693,662,40,3,384.4
1694,663,21,1,18.93
1695,663,3,2,419.28
1696,663,23,5,18.32
1697,664,25,1,216.93
1698,664,23,4,178.88
1699,664,43,2,127.57
1700,665,38,1,455.64
1701,665,5,3,61.66
1702,665,11,1,271.52
1703,666,30,4,286.18
1704,667,18,1,349.5
1705,667,38,1,492.95
1706,667,25,5,198.2
1707,667,37,1,405.12
1708,668,45,2,171.3
1709,669,11,5,153.26
1710,669,28,2,250.99
1711,669,55,1,420.99
1712,670,19,3,28.53
1713,670,37,4,403.28
1714,671,46,5,51.89
1715,672,18,1,285.38
1716,672,34,4,216.42
1717,672,23,1,327.51
1718,673,33,3,219.29
1719,673,35,3,104.04
1720,673,26,3,314.36
1721,674,43,5,94.4
1722,674,2,5,432.04
1723,674,37,4,110.41
1724,674,53,4,137.63
1725,675,60,5,364.67
1726,675,4,5,104.32
1727,675,30,2,123.99
1728,675,48,3,422.84
1729,676,21,1,318.79
1730,676,55,4,137.13
1731,676,19,2,131.94
1732,676,39,2,205.9
1733,677,10,2,18.71
1734,678,30,4,282.11
1735,678,28,4,325.23
1736,678,3,2,83.88
1737,679,2,3,395.89
1738,679,18,5,92.11
1739,680,47,4,392.21
1740,681,56,1,160.38
1741,682,56,1,450.78
1742,682,27,3,337.48
1743,682,57,1,201.46
1744,683,16,1,287.63
1745,683,33,1,263.37
1746,684,32,1,122.85
1747,684,8,3,168.0
1748,684,38,4,403.89
1749,685,60,4,112.91
1750,685,7,-2,110.98
1751,686,29,4,130.88
1752,686,38,1,247.73
1753,686,24,1,161.66
1754,687,31,2,481.84
1755,687,57,2,184.68
1756,687,46,3,411.58
1757,687,2,5,22.23
1758,688,45,2,130.23
1759,689,20,3,452.06
1760,689,44,1,269.78
1761,689,16,4,197.29
1762,689,59,4,464.12
1763,690,20,1,468.48
1764,690,49,2,152.22
1765,690,56,2,458.37
1766,691,57,4,395.71
1767,691,18,1,412.48
1768,691,32,4,369.79
1769,692,46,4,439.0
1770,692,53,1,413.08
1771,692,45,3,255.64
1772,693,27,5,
1773,693,36,3,229.36
1774,693,2,1,322.48
1775,694,41,4,396.55
1776,694,9,1,203.33
1777,695,21,5,45.7
1778,695,11,2,260.6
1779,695,50,2,424.25
1780,696,51,3,228.49
1781,696,56,2,134.04
1782,696,44,5,414.25
1783,696,52,3,103.34
1784,697,24,2,199.78
1785,697,25,5,116.12
1786,697,2,5,325.32
1787,697,41,2,453.89
1788,698,13,3,352.12
1789,698,11,1,203.51
1790,698,28,5,133.78
1791,698,6,3,89.21
1792,699,1,5,220.4
1793,700,53,4,63.66
1794,700,46,2,99.32
1795,700,56,3,147.54
1796,700,32,4,69.45
1797,701,39,2,497.63
1798,701,19,2,212.07
1799,702,51,2,19.24
1800,702,17,2,310.75
1801,702,59,2,187.97
1802,702,44,4,47.44
1803,703,9,3,487.33
1804,703,26,2,358.1
1805,703,46,4,369.37
1806,703,17,1,52.16
1807,704,4,3,465.88
1808,705,59,3,498.39
1809,705,43,5,356.24
1810,705,52,1,7.65
1811,705,33,5,193.56
1812,706,43,3,70.46
1813,706,58,5,25.36
1814,706,12,3,89.08
1815,706,32,3,439.56
1816,707,6,3,356.58
1817,707,28,2,133.9
1818,708,3,2,252.11
1819,708,54,3,375.17
1820,708,60,4,145.05
1821,709,40,3,260.9
1822,709,28,2,161.19
1823,709,32,2,280.06
1824,710,4,2,78.57
1825,710,15,2,22.75
1826,710,17,2,354.45
1827,710,28,1,497.62
1828,711,3,4,181.48
1829,711,46,5,245.17
1830,711,32,1,423.69
1831,711,56,2,66.21
1832,712,14,3,94.42
1833,713,48,5,412.17
1834,713,37,5,110.14
1835,714,34,5,94.38
1836,715,16,4,340.07
1837,716,2,3,342.25
1838,716,44,1,200.11
1839,716,38,1,419.3
1840,717,2,1,232.82
1841,717,46,4,229.76
1842,718,39,1,168.07
1843,718,3,5,475.69
1844,718,21,5,69.01
1845,719,52,3,164.97
1846,720,48,1,275.84
1847,721,6,4,131.31
1848,721,16,4,49.15
1849,721,55,2,85.66
1850,721,50,4,146.04
1851,722,8,3,247.97
1852,722,28,3,452.35
1853,723,23,1,416.87
1854,723,33,2,247.36
1855,724,31,3,283.71
1856,724,28,1,379.46
1857,724,52,3,308.86
1858,724,28,4,51.01
1859,725,30,2,325.57
1860,725,46,-2,465.68
1861,725,34,5,46.57
1862,726,28,1,454.07
1863,726,31,3,78.56
1864,726,9,3,421.56
1865,726,34,4,151.26
1866,727,36,1,459.06
1867,728,33,4,209.44
1868,729,43,5,407.35
1869,729,23,3,294.86
1870,729,50,5,13.05
1871,729,48,4,93.88
1872,730,54,4,27.4
1873,730,27,3,160.4
1874,731,49,4,313.79
1875,731,17,3,483.53
1876,731,56,2,109.48
1877,731,6,5,133.36
1878,732,28,5,13.87
1879,733,8,1,90.01
1880,733,31,4,347.44
1881,733,56,5,364.33
1882,733,20,5,407.5
1883,734,45,4,403.3
1884,734,6,2,71.88
1885,734,13,1,408.9
1886,735,55,1,108.57
1887,735,42,2,326.62
1888,736,54,5,99.5
1889,736,20,4,78.34
1890,736,28,1,62.65
1891,736,58,2,370.7
1892,737,32,4,14.72
1893,737,29,5,125.1
1894,737,19,5,415.58
1895,737,26,1,170.26
1896,738,41,4,489.85
1897,739,48,5,299.94
1898,739,36,3,23.32
1899,739,26,4,259.11
1900,739,47,5,467.96
1901,740,15,1,266.51
1902,740,28,5,161.35
1903,740,5,3,446.97
1904,740,27,4,62.89
1905,741,29,4,15.3
1906,741,19,2,237.27
1907,741,29,2,256.28
1908,742,59,5,427.46
1909,742,46,4,69.92
1910,742,19,4,480.1
1911,743,51,4,400.88
1912,743,55,2,
1913,743,19,1,335.19
1914,744,12,2,82.38
1915,744,32,1,397.77
1916,745,20,2,108.67
1917,745,4,1,182.6
1918,745,17,3,340.08
1919,745,12,5,20.83
1920,746,22,4,61.41
1921,747,8,5,115.93
1922,747,17,3,393.52
1923,748,50,5,137.41
1924,749,55,5,304.12
1925,749,7,1,463.68
1926,750,52,4,481.51
1927,750,49,1,487.46
1928,750,51,5,306.78
1929,750,55,1,412.69
1930,751,33,1,87.69
1931,752,56,2,455.94
1932,753,47,3,355.54
1933,753,49,5,251.7
1934,754,10,3,170.63
1935,755,8,2,222.36
1936,755,27,1,126.43
1937,756,22,3,254.99
1938,756,6,3,189.36
1939,756,49,4,183.52
1940,756,43,2,80.05
1941,757,51,2,73.31
1942,757,28,4,459.42
1943,757,58,4,476.16
1944,757,34,3,472.15
1945,758,10,1,360.22
1946,758,34,1,46.97
1947,758,21,4,491.06
1948,758,11,4,35.43
1949,759,43,2,451.74
1950,760,41,5,486.47
1951,761,26,5,437.41
1952,761,47,3,455.07
1953,761,1,3,450.6
1954,761,40,2,351.65
1955,762,42,2,444.35
1956,762,40,5,327.76
1957,762,45,3,444.4
1958,762,51,4,388.82
1959,763,6,1,271.03
1960,763,25,2,262.63
1961,763,35,3,110.8
1962,764,34,3,379.74
1963,764,11,1,18.81
1964,764,51,5,298.29
1965,765,54,3,364.62
1966,765,33,1,367.33
1967,766,17,5,180.46
1968,766,4,1,227.12
1969,766,37,1,229.31
1970,767,52,5,284.97
1971,767,58,5,423.03
1972,768,23,3,145.85
1973,768,51,5,337.85
1974,769,34,2,57.09
1975,769,34,5,100.31
1976,769,50,3,229.88
1977,769,10,4,415.08
1978,770,6,1,215.32
1979,771,31,2,225.85
1980,771,24,5,204.36
1981,772,56,3,294.23
1982,772,41,4,498.27
1983,772,45,4,367.2
1984,772,27,2,76.45
1985,773,32,4,69.05
1986,773,46,5,432.32
1987,774,45,2,230.44
1988,775,48,2,472.31
1989,776,59,1,302.79
1990,776,27,1,64.83
1991,776,37,3,24.94
1992,777,8,3,155.94
1993,777,24,3,150.52
1994,778,51,2,75.36
1995,779,4,3,445.08
1996,779,14,2,410.47
1997,779,32,1,65.55
1998,779,23,1,435.86
1999,780,31,5,158.3
2000,780,29,3,391.77
2001,780,31,5,70.74
2002,780,9,5,320.05
2003,781,43,4,78.75
2004,781,47,3,49.21
2005,781,40,5,207.77
2006,781,15,4,172.8
2007,782,43,4,369.28
2008,783,56,2,355.07
2009,784,36,1,323.74
2010,784,6,2,477.81
2011,784,35,5,380.02
2012,785,49,4,253.81
2013,785,2,1,330.84
2014,786,2,3,394.44
2015,786,16,5,224.89
2016,787,26,5,27.27
2017,787,56,1,173.28
2018,787,12,4,16.91
2019,788,25,3,50.06
2020,788,7,5,88.24
2021,788,10,2,131.5
2022,789,10,3,476.32
2023,790,4,5,480.76
2024,790,12,1,358.08
2025,791,25,1,163.42
2026,791,27,3,132.68
2027,791,53,1,30.68
2028,792,49,5,295.08
2029,792,32,5,377.43
2030,793,8,3,35.01
2031,793,30,5,206.5
2032,793,31,1,206.71
2033,793,15,1,138.23
2034,794,16,5,327.52
2035,795,20,5,206.34
2036,795,6,5,105.71
2037,796,24,5,492.73
2038,796,51,2,271.08
2039,797,59,5,228.61
2040,797,1,4,480.75
2041,797,40,3,328.26
2042,797,11,1,34.79
2043,798,18,5,129.19
2044,798,44,4,499.62
2045,798,54,2,294.65
2046,798,33,3,27.51
2047,799,20,1,200.68
2048,800,54,2,363.91
2049,62,57,4,109.37
2050,62,33,3,442.55
2051,62,22,3,489.92
2052,162,18,2,332.83
2053,162,21,3,109.26
2054,162,39,3,12.86
2055,162,45,2,324.99
2056,451,39,4,7.12
2057,426,44,2,209.52
2058,496,49,4,271.38
2059,496,51,1,271.63
2060,496,58,4,337.76
2061,496,23,4,414.6
2062,476,25,2,420.38
2063,476,52,1,66.76
2064,476,24,2,225.07
2065,209,48,1,380.42
2066,209,44,3,99.8
2067,349,52,2,120.96
2068,349,32,3,23.21
2069,349,32,5,108.5
2070,622,53,4,59.92
2071,622,18,5,252.66
2072,148,36,2,331.62
2073,148,37,5,284.74
